test_example_id,predicted_category
0,m
1,f
2,f
3,m
4,f
5,m
6,m
7,m
8,m
9,m
10,m
11,m
12,f
13,f
14,m
15,f
16,m
17,m
18,m
19,m
20,f
21,m
22,m
23,m
24,f
25,m
26,m
27,m
28,m
29,m
30,m
31,m
32,m
33,m
34,m
35,m
36,m
37,m
38,m
39,m
40,f
41,m
42,m
43,m
44,f
45,m
46,m
47,f
48,m
49,m
50,m
51,m
52,m
53,m
54,m
55,m
56,m
57,f
58,m
59,m
60,m
61,m
62,m
63,m
64,f
65,m
66,m
67,m
68,m
69,m
70,m
71,m
72,f
73,m
74,m
75,m
76,m
77,m
78,m
79,m
80,f
81,m
82,f
83,m
84,m
85,m
86,m
87,m
88,m
89,f
90,f
91,m
92,f
93,m
94,m
95,m
96,f
97,m
98,f
99,m
100,m
101,m
102,m
103,m
104,m
105,m
106,m
107,m
108,m
109,f
110,m
111,f
112,m
113,m
114,m
115,f
116,m
117,m
118,m
119,f
120,m
121,m
122,m
123,f
124,m
125,m
126,f
127,m
128,m
129,m
130,m
131,m
132,f
133,f
134,f
135,m
136,m
137,m
138,m
139,m
140,m
141,m
142,m
143,f
144,m
145,f
146,f
147,m
148,m
149,m
150,m
151,f
152,f
153,m
154,f
155,m
156,m
157,f
158,m
159,m
160,m
161,m
162,f
163,m
164,m
165,m
166,m
167,m
168,m
169,m
170,f
171,f
172,f
173,f
174,f
175,m
176,m
177,m
178,m
179,m
180,m
181,m
182,m
183,m
184,m
185,m
186,f
187,m
188,m
189,f
190,m
191,m
192,m
193,f
194,m
195,m
196,m
197,m
198,m
199,m
200,m
201,m
202,m
203,m
204,m
205,f
206,m
207,f
208,f
209,m
210,f
211,m
212,m
213,m
214,m
215,m
216,m
217,m
218,m
219,m
220,m
221,m
222,m
223,m
224,m
225,m
226,f
227,m
228,m
229,m
230,m
231,m
232,f
233,m
234,f
235,f
236,m
237,f
238,f
239,m
240,m
241,m
242,m
243,m
244,m
245,f
246,m
247,m
248,f
249,m
250,m
251,m
252,m
253,m
254,m
255,m
256,m
257,m
258,m
259,m
260,m
261,m
262,m
263,m
264,m
265,f
266,m
267,f
268,m
269,f
270,m
271,m
272,m
273,m
274,f
275,m
276,m
277,m
278,m
279,m
280,m
281,m
282,f
283,m
284,m
285,m
286,f
287,m
288,f
289,m
290,m
291,m
292,m
293,m
294,m
295,f
296,m
297,f
298,f
299,f
300,f
301,f
302,m
303,m
304,f
305,f
306,m
307,m
308,m
309,f
310,f
311,m
312,m
313,m
314,m
315,m
316,m
317,m
318,m
319,m
320,f
321,m
322,m
